Группа;Фраза (фразовое соответствие)
Детейлинг общий;"""детейлинг спб"""
Детейлинг общий;"""детейлинг санкт петербург"""
Детейлинг общий;"""детейлинг автомобиля в спб"""
Детейлинг общий;"""детейлинг центр"""
Детейлинг общий;"""детейлинг авто"""
Детейлинг общий;"""детейлинг студия"""
Детейлинг общий;"""детейлинг салона"""
Детейлинг общий;"""детейлинг центр спб"""
Детейлинг общий;"""детейлинг авто спб"""
Детейлинг общий;"""детейлинг цена"""
Детейлинг общий;"""детейлинг спб цены"""
Детейлинг общий;"""выездной детейлинг спб"""
Детейлинг общий;"""детейлинг стоимость"""
Детейлинг общий;"""детейлинг студия спб"""
Детейлинг общий;"""детейлинг салона спб"""
Детейлинг общий;"""сколько стоит детейлинг"""
Детейлинг общий;"""детейлинг автомобиля цена"""
Детейлинг общий;"""детейлинг салона автомобиля спб"""
Детейлинг общий;"""детейлинг спб пленка"""
Детейлинг общий;"""сколько стоит детейлинг автомобиля"""
Детейлинг общий;"""детейлинг автомобиля в спб цена"""
Детейлинг общий;"""детейлинг химчистка спб"""
Детейлинг общий;"""детейлинг двигателя в спб"""
Детейлинг общий;"""детейлинг петербург"""
Детейлинг общий;"""детейлинг центр петербург"""
Детейлинг общий;"""детейлинг центр санкт петербург"""
Детейлинг общий;"""детейлинг недорого"""
Детейлинг общий;"""детейлинг авто цена"""
Детейлинг · Васильевский остров;"""детейлинг рядом"""
Детейлинг · Васильевский остров;"""васильевская детейлинг"""
Детейлинг · Васильевский остров;"""детейлинг васильевский остров"""
Детейлинг · Васильевский остров;"""детейлинг рядом со мной"""
Детейлинг · Васильевский остров;"""детейлинг автомобиля рядом"""
Детейлинг · Васильевский остров;"""детейлинг автомобиля рядом со мной"""
Детейлинг · Васильевский остров;"""детейлинг василеостровский"""
Детейлинг · Васильевский остров;"""детейлинг василеостровский район"""
Детейлинг · Васильевский остров;"""детейлинг намыв"""
Детейлинг · Васильевский остров;"""детейлинг василеостровский остров"""
Детейлинг-мойка;"""детейлинг мойка"""
Детейлинг-мойка;"""детейлинг мойка спб"""
Детейлинг-мойка;"""детейлинг мойка цена"""
Детейлинг-мойка;"""сколько стоит детейлинг мойка"""
Оклейка / PPF;"""оклейка авто пленкой"""
Оклейка / PPF;"""оклейка авто пленкой в спб цена"""
Оклейка / PPF;"""оклейка авто"""
Оклейка / PPF;"""оклейка авто пленкой в спб"""
Оклейка / PPF;"""оклейка авто спб"""
Оклейка / PPF;"""оклейка авто пленкой цена"""
Оклейка / PPF;"""оклейка бронепленкой авто в спб"""
Оклейка / PPF;"""бронирование авто"""
Оклейка / PPF;"""оклейка авто бронепленкой"""
Оклейка / PPF;"""оклейка авто бронепленкой цены в спб"""
Оклейка / PPF;"""оклейка авто полиуретановой пленкой"""
Оклейка / PPF;"""оклейка авто полиуретановой пленкой в спб"""
Оклейка / PPF;"""стоимость оклейки авто пленкой"""
Оклейка / PPF;"""оклейка авто спб цена"""
Оклейка / PPF;"""оклейка авто санкт петербург"""
Оклейка / PPF;"""оклейка авто пленкой в спб цена полиуретановой"""
Оклейка / PPF;"""оклейка капота пленкой цена"""
Оклейка / PPF;"""оклейка капота"""
Оклейка / PPF;"""защитная оклейка авто"""
Оклейка / PPF;"""оклейка капота пленкой"""
Оклейка / PPF;"""оклейка авто цена"""
Оклейка / PPF;"""оклейка авто полиуретановой пленкой цена"""
Оклейка / PPF;"""оклейка авто защитной пленкой в спб"""
Оклейка / PPF;"""оклейка капота цена"""
Оклейка / PPF;"""стоимость оклейки авто"""
Оклейка / PPF;"""оклейка капота спб"""
Оклейка / PPF;"""оклейка авто защитной пленкой цена"""
Оклейка / PPF;"""сколько стоит оклейка авто пленкой"""
Оклейка / PPF;"""оклейка бронепленкой авто цена"""
Оклейка / PPF;"""оклейка авто защитной пленкой"""
Оклейка / PPF;"""полиуретановая оклейка авто цена"""
Полировка кузова;"""полировка авто"""
Полировка кузова;"""полировка кузова автомобиля в спб цена"""
Полировка кузова;"""полировка кузова автомобиля"""
Полировка кузова;"""полировка кузова"""
Полировка кузова;"""полировка авто спб"""
Полировка кузова;"""полировка кузова автомобиля в спб"""
Полировка кузова;"""полировка авто цена"""
Полировка кузова;"""полировка кузова спб"""
Полировка кузова;"""полировка кузова цена спб"""
Полировка кузова;"""полировка кузова цена"""
Полировка кузова;"""полировка кузова автомобиля цена"""
Полировка кузова;"""полировка кузова стоимость"""
Полировка кузова;"""полировка царапин на кузове автомобиля спб"""
Полировка кузова;"""сколько стоит полировка авто"""
Полировка кузова;"""сколько стоит полировка кузова автомобиля спб"""
Полировка кузова;"""сколько стоит полировка кузова в спб"""
Полировка кузова;"""полировка авто в спб цены"""
Полировка кузова;"""сколько стоит полировка кузова"""
Полировка кузова;"""сколько стоит полировка кузова автомобиля"""
Полировка кузова;"""стоимость полировки кузова автомобиля"""
Полировка кузова;"""стоимость полировки авто"""
Полировка кузова;"""полная полировка кузова автомобиля цена"""
Полировка кузова;"""полировка царапин на кузове спб"""
Полировка кузова;"""сколько стоит полировка кузова автомобиля цена"""
Полировка кузова;"""сколько стоит полировка кузова цена"""
Полировка кузова;"""полировка стекол авто спб"""
Полировка кузова;"""полировка элемента кузова цена"""
Полировка кузова;"""полировка кузова царапин стоимость"""
Полировка кузова;"""полировка царапин на кузове автомобиля цена спб"""
Полировка кузова;"""цена глубокой полировки кузова"""
Полировка кузова;"""полировка кузова авто цена"""
Полировка кузова;"""полировка элемента кузова цена в спб"""
Полировка кузова;"""полировка царапин на кузове автомобиля цена"""
Полировка кузова;"""полная полировка кузова цена"""
Керамика / защита;"""керамика авто спб"""
Керамика / защита;"""керамика на авто спб"""
Керамика / защита;"""керамическое покрытие авто"""
Керамика / защита;"""нанесение керамики на авто"""
Керамика / защита;"""жидкое стекло для авто"""
Керамика / защита;"""полировка и керамика авто спб"""
Керамика / защита;"""керамическое покрытие авто в спб"""
Керамика / защита;"""жидкое стекло на авто цена"""
Керамика / защита;"""полировка и керамика авто цена"""
Керамика / защита;"""полировка кузова автомобиля керамика цена"""
Керамика / защита;"""полировка кузова керамикой цена"""
Керамика / защита;"""нанокерамика для автомобиля"""
Керамика / защита;"""керамическое покрытие кузова цена"""
Тонировка;"""тонировка авто в спб"""
Тонировка;"""тонировка авто"""
Тонировка;"""тонировка стекол"""
Тонировка;"""тонировка стекол автомобиля спб"""
Тонировка;"""тонировка стекол автомобиля"""
Тонировка;"""тонировка авто в спб цена"""
Тонировка;"""тонировка передних стекол"""
Тонировка;"""тонировка заднего стекла"""
Тонировка;"""тонировка авто цена"""
Тонировка;"""тонировка стекол спб"""
Тонировка;"""тонировка стекол цена"""
Тонировка;"""тонировка заднего стекла спб"""
Тонировка;"""тонировка стекол авто спб"""
Тонировка;"""тонировка стекол спб цены"""
Тонировка;"""тонировка стекол стоимость"""
Тонировка;"""сколько стоит тонировка стекол"""
Тонировка;"""сколько стоит тонировка задних стекол"""
Тонировка;"""тонировка стекол автомобиля цена"""
Тонировка;"""атермальная тонировка авто спб"""
Тонировка;"""цена тонировки задних стекол автомобиля"""
Тонировка;"""сделать тонировку стекол автомобиля в спб"""
Тонировка;"""тонировка авто санкт петербург"""
Тонировка;"""тонировка задних стекол цена"""
Тонировка;"""тонировка стекол автомобиля цена в спб"""
Тонировка;"""тонировка авто рядом со мной"""
Тонировка;"""стоимость тонировки стекол автомобиля цена"""
Тонировка;"""тонировка стекол в санкт петербурге"""
Тонировка;"""стоимость тонировки заднего стекла"""
Тонировка;"""тонировка авто рядом"""
Тонировка;"""сделать тонировку стекол автомобиля"""
Тонировка;"""стоимость тонировки стекол автомобиля"""
Тонировка;"""тонировка авто в спб рядом"""
Тонировка;"""тонировка авто в спб рядом со мной"""
Оптика / фары;"""полировка фар"""
Оптика / фары;"""полировка фар в спб"""
Оптика / фары;"""полировка фар в спб цена"""
Оптика / фары;"""тонировка лобового стекла"""
Оптика / фары;"""полировка фар автомобиля"""
Оптика / фары;"""полировка фар цена"""
Оптика / фары;"""бронирование лобового стекла"""
Оптика / фары;"""бронирование лобового стекла в спб"""
Оптика / фары;"""бронирование фар"""
Оптика / фары;"""бронирование фар пленкой в спб"""
Оптика / фары;"""бронирование фар пленкой"""
Оптика / фары;"""бронирование фар спб"""
Оптика / фары;"""полировка фар санкт петербург"""
Оптика / фары;"""сколько стоит полировка фар"""
Оптика / фары;"""полировка и бронирование фар в спб"""
Оптика / фары;"""полировка фар стоимость"""
Оптика / фары;"""полировка фар и оклейка пленкой цена"""
Оптика / фары;"""бронирование лобового стекла в спб цена"""
Оптика / фары;"""полировка фар автомобиля цена в спб"""
Оптика / фары;"""бронирование фар цена"""
Оптика / фары;"""бронирование лобового стекла цена"""
Оптика / фары;"""бронирование фар цена спб"""
Оптика / фары;"""полировка фар автомобиля в спб"""
Оптика / фары;"""бронирование лобового стекла пленкой цены"""
Оптика / фары;"""полировка лобового стекла авто в спб"""
Оптика / фары;"""сделать полировку фар"""
Оптика / фары;"""полировка фар рядом"""
Оптика / фары;"""бронирование фар пленкой цена"""
Оптика / фары;"""полировка фар пленка цена"""
Оптика / фары;"""полировка и оклейка фар цена"""
Оптика / фары;"""полировка фар автомобиля цена"""
Оптика / фары;"""полировка фар рядом со мной"""
Химчистка и кожа;"""химчистка салона автомобиля"""
Химчистка и кожа;"""химчистка салона"""
Химчистка и кожа;"""химчистка салона автомобиля цена в спб"""
Химчистка и кожа;"""химчистка салона автомобиля спб"""
Химчистка и кожа;"""химчистка авто"""
Химчистка и кожа;"""химчистка авто спб"""
Химчистка и кожа;"""химчистка салона авто"""
Химчистка и кожа;"""химчистка салона спб цена"""
Химчистка и кожа;"""химчистка салона спб"""
Химчистка и кожа;"""спб реставрация кожи"""
Химчистка и кожа;"""химчистка салона авто спб"""
Химчистка и кожа;"""химчистка салона автомобиля спб цены полная"""
Химчистка и кожа;"""химчистка салона автомобиля цена"""
Химчистка и кожа;"""химчистка авто спб цены"""
Химчистка и кожа;"""стоимость химчистки салона автомобиля"""
Химчистка и кожа;"""полная химчистка салона"""
Химчистка и кожа;"""сколько стоит химчистка салона автомобиля цена"""
Химчистка и кожа;"""химчистка салона цена"""
Химчистка и кожа;"""сколько стоит химчистка салона"""
Химчистка и кожа;"""сделать химчистку салона автомобиля"""
Химчистка и кожа;"""химчистка салона автомобиля санкт петербург"""
Химчистка и кожа;"""сколько стоит химчистка салона автомобиля"""
Химчистка и кожа;"""химчистка салона стоимость"""
Химчистка и кожа;"""химчистка авто цена"""
Химчистка и кожа;"""химчистка салона санкт петербург"""
Химчистка и кожа;"""сколько стоит химчистка салона спб"""
Химчистка и кожа;"""полная химчистка салона автомобиля цены"""
Химчистка и кожа;"""сколько стоит химчистка салона автомобиля в спб"""
Химчистка и кожа;"""химчистка салона рядом"""
Химчистка и кожа;"""полная химчистка салона цена"""
Химчистка и кожа;"""полная химчистка салона спб"""
Химчистка и кожа;"""химчистка автомобиля спб полная салона"""
Химчистка и кожа;"""полная химчистка салона цена спб"""
Предпродажная подготовка;"""предпродажная подготовка автомобиля"""
Предпродажная подготовка;"""предпродажная подготовка авто спб"""
Предпродажная подготовка;"""предпродажная подготовка авто"""
Предпродажная подготовка;"""предпродажная химчистка салона"""
